{
    "0": {
        "precision": 0.9887732608807095,
        "recall": 0.9946882574390181,
        "f1-score": 0.9917219394313332,
        "support": 19391.0
    },
    "1": {
        "precision": 0.7910750507099391,
        "recall": 0.6403940886699507,
        "f1-score": 0.7078039927404719,
        "support": 609.0
    },
    "accuracy": 0.9839,
    "macro avg": {
        "precision": 0.8899241557953244,
        "recall": 0.8175411730544844,
        "f1-score": 0.8497629660859025,
        "support": 20000.0
    },
    "weighted avg": {
        "precision": 0.9827533503810095,
        "recall": 0.9839,
        "f1-score": 0.9830766379545964,
        "support": 20000.0
    }
}